"","id","t_debut","t_fin","duree","y_min","y_max","amplitude","pente_debut","pente_debutM","pente_fin","pente_finM","aire_2mean","aire_2min","cycle_nb"
"1",1,4.48809523809524,7.80952380952381,3.32142857142857,2.14285714285714,3,0.857142857142857,1.26315789473684,1.26315789473684,-0.324324324324325,-0.324324324324325,1.4234693877551,3.32142857142857,1
"2",1,24.8333333333333,33.7571428571429,8.92380952380957,2.14285714285714,6,3.85714285714286,1.42857142857143,1.42857142857143,-0.568720379146914,-0.619739862280026,14.8292517006804,22.6238095238097,2
"3",1,51.8571428571428,65.0214285714286,13.1642857142857,2.14285714285714,8,5.85714285714286,0.63829787234041,1.3435281267067,-0.16260162601626,-0.665224445646298,24.8239795918367,36.0892857142857,3
"4",1,102.938095238095,124.971428571429,22.0333333333333,2.14285714285714,6,3.85714285714286,0.670391061452364,0.22562674094708,-0.624999999999997,-0.781099324975837,57.3666666666663,81.0333333333328,4
"5",2,37.6071428571428,99.2047619047619,61.5976190476191,2.14285714285714,8,5.85714285714286,0.0805369127516776,0.153961697333834,-0.279069767441855,-0.248660669160012,104.828741496599,167.389285714286,1
"6",3,0,4.52507936507936,4.52507936507936,2.31428571428571,4,1.68571428571429,0.276497695852534,0.276497695852534,-1.85567010309279,-1.85567010309279,5.05399546485261,10.4042857142857,1
"7",3,12.8739285714286,26.6431428571429,13.7692142857143,2.31428571428571,6,3.68571428571429,0.328317373461013,0.328317373461013,-1.44927536231884,-1.44927536231884,25.3746948979591,34.4230357142856,2
"8",3,28.7547619047619,30.3719047619048,1.61714285714287,2.31428571428571,3,0.685714285714285,1.09090909090911,1.09090909090911,-0.693641618497094,-0.693641618497092,0.554448979591839,1.61714285714287,3
"9",3,49.3276190476191,52.7295238095238,3.40190476190473,2.31428571428571,5,2.68571428571429,1.13207547169812,1.13207547169812,-2.60869565217398,-2.60869565217393,4.56827210884349,6.80380952380946,4
"10",3,76.1019047619047,88.06,11.9580952380953,2.31428571428571,4,1.68571428571429,0.606060606060604,0.403143149982917,-0.164835164835165,-0.216765660400465,9.71896598639459,21.9580952380953,5
"11",3,97.2271428571429,102.316666666667,5.08952380952391,2.31428571428571,5,2.68571428571429,1.10091743119264,1.10091743119264,-0.685714285714445,-1.01347708894876,6.40021768707531,10.8290476190484,6
"12",3,122.450476190476,124.77619047619,2.3257142857145,2.31428571428571,3,0.685714285714285,0.579710144927536,0.579710144927535,-0.599999999999881,-0.59999999999989,0.797387755102115,2.3257142857145,7
"13",3,130.654761904762,136.054761904762,5.39999999999995,2.31428571428571,3,0.685714285714285,0.558139534883773,0.558139534883786,-0.164383561643831,-0.164383561643832,1.85142857142856,5.39999999999995,8
"14",3,149.507619047619,155.733333333333,6.22571428571371,2.31428571428571,6,3.68571428571429,1.30434782608724,1.30434782608723,-0.882352941176469,-0.882352941176469,12.6388163265295,18.9642857142842,9
"15",4,0.902619047619048,4.82714285714286,3.92452380952381,1.97142857142857,5,3.02857142857143,1.0762331838565,1.0762331838565,-2.72727272727274,-2.72727272727274,5.94285034013605,7.84904761904761,1
"16",4,8.27571428571429,21.18,12.9042857142857,1.97142857142857,5,3.02857142857143,0.31413612565445,0.855298547606233,-0.323450134770891,-0.323450134770891,19.4536326530612,27.3971428571428,2
"17",4,25.8428571428571,28.5085714285714,2.66571428571432,1.97142857142857,3,1.02857142857143,0.585365853658531,0.58536585365853,-1.13207547169809,-1.13207547169809,1.37093877551022,2.66571428571432,3
"18",4,30.8238095238096,36.1528571428571,5.32904761904758,1.97142857142857,3,1.02857142857143,0.666666666666666,0.666666666666666,-0.0809716599190283,-0.271663941642564,2.61327210884352,6.86928571428566,4
"19",4,100.458571428571,102.858571428571,2.39999999999975,1.97142857142857,3,1.02857142857143,1.15384615384618,1.15384615384622,-0.681818181818257,-0.681818181818271,1.23428571428559,2.39999999999975,5
"20",4,104.960095238095,117.757523809524,12.7974285714291,1.97142857142857,6,4.02857142857143,1.43540669856432,1.43540669856431,-0.403225806451613,-0.403225806451613,25.7776775510215,31.9935714285728,6
"21",4,121.305396825397,130.711746031746,9.40634920634929,1.97142857142857,4,2.02857142857143,0.853080568720541,0.853080568720541,-0.84112149532703,-0.841121495327038,9.60667800453523,16.4178571428575,7
"22",4,137.840952380953,146.009523809524,8.16857142857128,1.97142857142857,3,1.02857142857143,0.16260162601626,0.16260162601626,-0.558139534883773,-0.558139534883769,4.20097959183666,8.16857142857128,8
"23",4,153.086904761905,155.8,2.71309523809498,1.97142857142857,5,3.02857142857143,1.11627906976755,1.11627906976755,1.11627906976755,NA,4.10840136054384,5.42619047618996,9
"24",5,0,4.60666666666667,4.60666666666667,2.2,4,1.8,0,NA,-1.81818181818182,-1.81818181818182,7.401,12.335,1
"25",5,6.48,11.555,5.07500000000003,2.2,4,1.8,0.98901098901099,0.98901098901099,-0.552995391705064,-0.552995391705064,4.56750000000002,7.61250000000004,2
"26",5,12.5258333333334,26.7726666666667,14.2468333333333,2.2,6,3.8,0.328317373461013,0.328317373461013,-1.42180094786729,-1.42180094786729,27.0689833333333,35.6170833333333,3
"27",5,75.6833333333334,82.4133333333333,6.72999999999996,2.2,5,2.8,1.71428571428571,1.71428571428572,-0.825688073394481,-0.549378678875085,10.9569999999999,16.7449999999998,4
"28",5,87.5516666666667,99.4477777777777,11.896111111111,2.2,5,2.8,0.325644504748983,0.325644504748983,-0.849056603773596,-0.849056603773598,16.6545555555555,23.7922222222221,5
"29",5,99.8483333333333,103.153333333333,3.30500000000012,2.2,4,1.8,1.21212121212143,1.21212121212144,-0.989010989010772,-0.989010989010769,2.97450000000011,4.95750000000018,6
"30",5,124.636666666667,127.716666666667,3.08,2.2,3,0.8,1.17647058823529,1.17647058823528,-0.333333333333333,-0.333333333333334,1.232,3.08,7
"31",5,128.675,139.22,10.5449999999997,2.2,4,1.8,0.558139534883773,0.558139534883776,-0.245901639344263,-0.245901639344262,9.49049999999974,15.8174999999995,8
"32",5,146.29,148.356666666667,2.06666666666686,2.2,3,0.8,0.547945205479451,0.547945205479438,-1.31868131868104,-1.31868131868097,0.826666666666746,2.06666666666686,9
"33",5,151.086666666667,153.673333333333,2.58666666666639,2.2,3,0.8,0.659340659340728,0.659340659340734,-0.582524271844717,-0.58252427184472,1.03466666666655,2.58666666666639,10
"34",6,3.01047619047619,7.49952380952381,4.48904761904762,1.82857142857143,4,2.17142857142857,0.275229357798165,0.999342537804077,-0.9375,-0.9375,4.3838231292517,6.88571428571428,1
"35",6,27.0419047619047,34.4223809523809,7.38047619047621,1.82857142857143,5,3.17142857142857,0.289855072463768,1.40447068747362,-0.560747663551397,-0.619131728177003,10.6466598639456,15.6514285714286,2
"36",6,52.3714285714286,54.9973809523809,2.62595238095237,1.82857142857143,3,1.17142857142857,1.33333333333333,1.33333333333333,-0.670391061452522,-0.67039106145252,1.53805782312925,2.62595238095237,3
"37",6,103.813333333333,117.559047619048,13.7457142857145,1.82857142857143,5,3.17142857142857,0.329670329670365,0.788912579957365,-0.32608695652173,-0.32608695652173,21.3167755102045,28.4614285714291,4
"38",6,131.241904761904,149.027738095238,17.7858333333334,1.82857142857143,6,4.17142857142857,0.289855072463769,0.32568687957764,-2.33009708737953,-0.838016884700969,42.0149166666678,55.9428571428584,5
"39",6,151.717142857143,152.814285714286,1.09714285714287,1.82857142857143,2,0.171428571428571,0.355029585798778,0.355029585798775,-0.279069767441886,-0.27906976744188,0.0940408163265332,0.548571428571435,6
"40",7,0,4.782,4.782,2.54285714285714,6,3.45714285714286,0.267857142857143,0.267857142857143,-3.29670329670329,-3.29670329670329,12.8526952380952,19.4216666666667,1
"41",7,7.59,17.7909523809524,10.2009523809524,2.54285714285714,4,1.45714285714286,0.65934065934066,0.344749887336635,-0.24390243902439,-0.24390243902439,7.89307482993201,18.4880952380953,2
"42",7,33.6564285714286,48.9780952380953,15.3216666666667,2.54285714285714,5,2.45714285714286,1.13744075829383,1.13744075829383,-0.563380281690141,-0.186692716813199,20.8351904761905,42.1819047619048,3
"43",7,64.5597619047619,97.7242857142857,33.1645238095238,2.54285714285714,6,3.45714285714286,0.32301480484522,0.312197639166614,-0.284360189573466,-0.169542981247519,49.9866530612244,94.0464285714285,4
"44",7,128.95,139.392857142857,10.4428571428569,2.54285714285714,5,2.45714285714286,0.857142857142857,0.857142857142863,-0.324324324324333,-0.324324324324334,12.829795918367,20.8857142857138,5
"45",7,148.296666666667,151.743492063492,3.44682539682492,2.54285714285714,5,2.45714285714286,2.44897959183721,2.44897959183716,-1.00558659217889,-1.0055865921789,4.23467120181348,6.89365079364984,6
"46",8,0,3.53968253968254,3.53968253968254,2.14285714285714,5,2.85714285714286,-0.807174887892376,NA,-0.807174887892376,-0.807174887892376,5.05668934240363,7.07936507936509,1
"47",8,5.99571428571428,11.0742857142857,5.07857142857146,2.14285714285714,6,3.85714285714286,1.60427807486631,1.60427807486631,-1.44230769230768,-1.44230769230768,9.7943877551021,12.6964285714286,2
"48",8,33.2809523809524,44.6380952380953,11.3571428571428,2.14285714285714,5,2.85714285714286,1.12676056338028,1.12676056338029,-0.323886639676113,-0.323886639676113,16.2244897959184,22.7142857142857,3
"49",8,50.1666666666667,52.3595238095238,2.1928571428571,2.14285714285714,3,0.857142857142857,0.571428571428571,0.571428571428574,-1.2371134020619,-1.23711340206192,0.939795918367331,2.1928571428571,4
"50",8,97.4460317460317,106.499206349206,9.05317460317443,2.14285714285714,4,1.85714285714286,0.849056603773592,0.849056603773589,-0.825688073394571,-0.825688073394569,12.693424036281,20.5047619047617,5
"51",8,122.133333333333,125.097619047619,2.96428571428544,2.14285714285714,3,0.857142857142857,0.552995391705172,0.552995391705161,-0.606060606060604,-0.606060606060614,1.27040816326519,2.96428571428544,6
"52",8,129.316666666667,143.451587301587,14.13492063492,2.14285714285714,5,2.85714285714286,1.14285714285714,1.14285714285716,-0.245566166439304,-0.245566166439304,20.1927437641714,28.2698412698399,7
"53",8,144.554761904762,148.383333333333,3.82857142857171,2.14285714285714,3,0.857142857142857,0.273972602739726,0.273972602739728,-1.22448979591786,-1.22448979591784,1.64081632653073,3.82857142857171,8
"54",8,153.271428571428,155.866666666667,2.59523809523856,2.14285714285714,5,2.85714285714286,1.10091743119246,1.10091743119246,1.10091743119246,NA,3.70748299319794,5.19047619047711,9
"55",9,0,9.40999999999999,9.40999999999999,2.4,6,3.6,0.275229357798165,0.275229357798165,-0.566037735849062,-0.623196768609349,16.8613333333333,29.2933333333333,1
"56",9,31.4316666666667,33.3566666666667,1.92499999999999,2.4,3,0.6,0.677966101694915,0.677966101694909,-0.576923076923087,-0.576923076923085,0.577499999999999,1.92499999999999,2
"57",9,52.4244444444444,54.8333333333333,2.40888888888885,2.4,4,1.6,1.97802197802206,1.97802197802207,-1,-0.999999999999999,1.92711111111109,3.61333333333327,3
"58",9,76.7233333333333,78.1433333333333,1.42,2.4,3,0.6,1.17647058823529,1.17647058823532,-0.659340659340647,-0.659340659340652,0.425999999999998,1.42,4
"59",9,81.5208333333333,105.381666666667,23.8608333333337,2.4,6,3.6,1.11627906976745,0.198940824314989,-0.563380281690141,-0.624457935819569,48.2190833333344,79.2483333333348,5
"60",9,124.433333333333,126.842222222222,2.40888888888907,2.4,4,1.6,2,2.00000000000001,-0.994475138121435,-0.994475138121436,1.92711111111126,3.6133333333336,6
"61",9,140.393333333333,146.233333333333,5.84000000000012,2.4,3,0.6,0.16483516483517,0.164835164835169,-0.272727272727248,-0.272727272727246,1.75200000000004,5.84000000000012,7
"62",9,154.786666666667,155.866666666667,1.08000000000001,2.4,3,0.6,0.555555555555556,0.555555555555549,0.555555555555556,NA,0.324000000000005,1.08000000000001,8
"63",10,26.5966666666667,31.2283333333334,4.63166666666666,2.4,5,2.6,0.560747663551397,0.961775585696681,-1.34831460674156,-1.34831460674156,5.44116666666664,9.82666666666662,1
"64",10,52.7566666666667,54.1616666666667,1.40500000000003,2.4,3,0.6,1.3043478260869,1.30434782608689,-0.634920634920634,-0.63492063492063,0.421500000000009,1.40500000000003,2
"65",10,97.7522222222222,103.496,5.74377777777778,2.4,6,3.6,0.873786407767,1.01471969934231,-1.63934426229508,-1.63934426229509,9.88102222222227,15.1033333333334,3
"66",10,105.54,124.804,19.2639999999997,2.4,6,3.6,1.17647058823529,0.198237885462555,-3.26086956521812,-3.26086956521819,40.1551999999995,64.8049999999993,4
"67",10,129.987777777778,150.241666666667,20.2538888888888,2.4,6,3.6,0.82949308755753,0.256308836326249,-0.685714285714442,-0.579865771812037,44.6256111111111,71.0183333333333,5
"68",10,153.268,155.8,2.53200000000024,2.4,6,3.6,1.42180094786716,1.42180094786716,1.42180094786716,NA,4.55760000000043,6.33000000000055,6
"69",11,0,3.07642857142857,3.07642857142857,2.62857142857143,6,3.37142857142857,-1.0958904109589,NA,-1.0958904109589,-1.0958904109589,5.18597959183673,7.69107142857143,1
"70",11,10.2285714285714,25.7209523809524,15.492380952381,2.62857142857143,4,1.37142857142857,0.837209302325573,0.837209302325573,-0.882352941176471,-0.882352941176472,19.0576326530612,41.6885714285714,2
"71",11,28.9916666666667,29.88,0.888333333333328,2.62857142857143,3,0.371428571428571,1.14285714285714,1.14285714285717,-0.659340659340666,-0.659340659340656,0.16497619047619,0.888333333333328,3
"72",11,34.2409523809524,41.5095238095238,7.26857142857143,2.62857142857143,4,1.37142857142857,0.861244019138765,0.861244019138765,-0.241610738255033,-0.241610738255033,4.98416326530612,10.9028571428571,4
"73",11,50.1409523809524,52.4266666666666,2.28571428571429,2.62857142857143,4,1.37142857142857,0.861244019138765,0.861244019138761,-1.97802197802193,-1.97802197802193,1.56734693877551,3.42857142857143,5
"74",11,69.87,72.8042857142857,2.93428571428571,2.62857142857143,3,0.371428571428571,0.161725067385444,0.161725067385444,-0.582524271844667,-0.58252427184468,0.544938775510204,2.93428571428571,6
"75",11,76.1645714285714,94.1057142857143,17.9411428571429,2.62857142857143,6,3.37142857142857,2.88461538461543,2.88461538461541,-0.326086956521741,-0.326086956521741,34.6550693877551,54.5028571428572,7
"76",11,100.209142857143,104.919761904762,4.71061904761916,2.62857142857143,6,3.37142857142857,2.91262135922274,2.91262135922277,-0.568720379147028,-0.948870870468431,7.49968639455817,13.6969047619052,8
"77",11,126.28180952381,130.754571428571,4.47276190476168,2.62857142857143,6,3.37142857142857,1.60427807486665,1.60427807486667,-1.42180094786717,-1.42180094786715,7.5397986394554,11.1819047619042,9
"78",11,145.549642857143,151.095238095238,5.5455952380957,2.62857142857143,5,2.37142857142857,1.08597285067883,1.08597285067884,-1.33333333333333,-1.33333333333333,8.45287244898094,14.2578571428594,10
"79",12,0.968190476190475,7.34214285714285,6.37395238095238,2.31428571428571,6,3.68571428571429,1.35746606334842,1.35746606334842,-1.32596685082873,-1.00735341966552,12.9268789115646,18.1888095238095,1
"80",12,9.91047619047617,18.7698412698413,8.85936507936508,2.31428571428571,4,1.68571428571429,0.83333333333334,0.83333333333334,-0.246575342465753,-0.246575342465753,7.467179138322,13.2890476190476,2
"81",12,28.1919047619047,31.3028571428572,3.11095238095243,2.31428571428571,5,2.68571428571429,2.35294117647059,2.35294117647059,-1.36363636363633,-1.36363636363633,4.17756462585041,6.22190476190486,3
"82",12,49.7166666666666,52.591746031746,2.87507936507938,2.31428571428571,4,1.68571428571429,0.857142857142857,0.857142857142856,-1.85567010309275,-1.85567010309276,2.42328117913833,4.31261904761907,4
"83",12,58.6,64.0514285714286,5.45142857142858,2.31428571428571,3,0.685714285714285,0.571428571428571,0.57142857142857,-0.161290322580645,-0.161290322580645,1.8690612244898,5.45142857142858,5
"84",12,81.8385714285714,98.0822222222222,16.2436507936508,2.31428571428571,4,1.68571428571429,0.845070422535212,0.845070422535207,-0.829493087557595,-0.8294930875576,23.9879818594105,42.6904761904763,6
"85",12,100.367619047619,103.008571428572,2.64095238095254,2.31428571428571,4,1.68571428571429,1.87499999999964,1.87499999999964,-0.967741935483873,-0.967741935483878,2.22594557823143,3.9614285714288,7
"86",12,111.913809523809,124.27619047619,12.362380952381,2.31428571428571,5,2.68571428571429,0.32608695652173,0.326086956521731,-1.2631578947363,-0.650894402769784,17.2866258503399,27.7652380952376,8
"87",12,144.414880952381,148.932952380953,4.51807142857203,2.31428571428571,6,3.68571428571429,1.11627906976724,1.11627906976724,-3.03030303030307,-3.03030303030306,8.32616020408278,11.29517857143,9
"88",13,32.3678571428572,45.652,13.2841428571428,2.05714285714286,6,3.94285714285714,1.11627906976745,1.11627906976745,-0.404312668463611,-0.404312668463611,26.1887387755102,33.2103571428571,1
"89",13,63.1139285714286,75.5679365079365,12.4540079365079,2.05714285714286,5,2.94285714285714,0.323886639676113,0.323886639676113,-0.873786407767,-0.873786407766998,18.3251831065759,24.9080158730158,2
"90",13,75.6564285714285,80.2071428571429,4.55071428571434,2.05714285714286,6,3.94285714285714,2.47422680412366,2.47422680412365,-1.33333333333333,-1.33333333333333,8.97140816326541,11.3767857142858,3
"91",13,90.2945238095238,97.7588095238095,7.46428571428569,2.05714285714286,3,0.942857142857143,0.161943319838057,0.161943319838057,-0.574162679425844,-0.574162679425847,3.5188775510204,7.46428571428569,4
"92",13,122.010714285714,137.668095238096,15.6573809523811,2.05714285714286,3,0.942857142857143,0.558139534883773,0.558139534883777,-0.163934426229508,-0.163934426229508,11.2549081632655,23.8740476190481,5
"93",13,145.373492063492,148.773492063492,3.40000000000001,2.05714285714286,4,1.94285714285714,0.841121495327258,0.841121495327252,-1.78217821782109,-1.7821782178211,3.30285714285716,5.09999999999999,6
"94",13,153.196071428572,155.783333333333,2.58726190476139,2.05714285714286,5,2.94285714285714,1.13744075829406,1.13744075829406,1.13744075829406,NA,3.80697108843461,5.17452380952278,7
"95",14,0,2.97333333333333,2.97333333333333,2.2,3,0.8,-0.269058295964125,NA,-0.269058295964125,-0.269058295964125,1.18933333333333,2.97333333333333,1
"96",14,6.51333333333333,26.5933333333333,20.08,2.2,6,3.8,0.962566844919788,0.707635009310991,-1.10091743119267,-0.258327668252889,55.1936666666667,76.6416666666667,2
"97",14,91.18,116.451666666667,25.2716666666667,2.2,6,3.8,0.163710777626193,0.290742157612855,-0.323014804845205,-0.311432864362789,41.1969999999996,63.3899999999993,3
"98",14,121.241666666667,128.021666666666,6.77999999999949,2.2,5,2.8,1.11627906976755,1.11627906976755,-0.64171122994666,-0.655481857198638,9.40949999999987,14.3574999999997,4
"99",15,0,2.60990476190476,2.60990476190476,2.45714285714286,6,3.54285714285714,-1.35746606334842,NA,-1.35746606334842,-1.35746606334842,4.62325986394557,6.5247619047619,1
"100",15,10.9364285714286,18.4957142857143,7.55928571428572,2.45714285714286,3,0.542857142857143,0.563380281690141,0.563380281690139,-0.0823045267489712,-0.0823045267489711,2.05180612244898,7.55928571428572,2
"101",15,40.2822619047619,52.4557142857143,12.1734523809524,2.45714285714286,5,2.54285714285714,0.323886639676114,0.323886639676114,-1.91489361702124,-0.588300099151695,17.7876751700681,29.2190476190478,3
"102",15,75.8014285714286,83.4038095238095,7.60238095238091,2.45714285714286,6,3.54285714285714,2.47422680412381,2.47422680412379,-1.15384615384614,-1.15384615384615,18.9585034013605,26.7559523809523,4
"103",15,89.3923809523809,102.164285714286,12.7719047619048,2.45714285714286,6,3.54285714285714,0.0817438692098094,0.346513902473101,-0.666666666666667,-1.39065420560751,12.8847551020409,26.0635714285715,5
"104",15,130.965238095238,138.52,7.55476190476213,2.45714285714286,3,0.542857142857143,0.560747663551505,0.560747663551488,-0.0824175824175778,-0.0824175824175777,2.05057823129258,7.55476190476213,6
"105",15,148.18019047619,155.783333333333,7.60314285714267,2.45714285714286,6,3.54285714285714,3.26086956521601,3.26086956521594,-0.289855072463769,-0.306905370844021,18.3039006802708,28.5911904761887,7
"106",16,0,2.67309523809524,2.67309523809524,2.05714285714286,5,2.94285714285714,-1.10091743119266,NA,-1.10091743119266,-1.10091743119266,3.93326870748299,5.34619047619047,1
"107",16,15.1296428571428,27.5019047619048,12.3722619047619,2.05714285714286,5,2.94285714285714,0.325644504748981,0.325644504748981,-0.882352941176471,-0.882352941176472,18.204899659864,24.7445238095239,2
"108",16,27.6638095238096,30.7045238095238,3.04071428571428,2.05714285714286,3,0.942857142857143,0.588235294117646,0.588235294117648,-0.655737704918033,-0.655737704918034,1.43347959183673,3.04071428571428,3
"109",16,34.1490476190476,41.6290476190476,7.47999999999996,2.05714285714286,3,0.942857142857143,0.576923076923087,0.576923076923089,-0.161290322580645,-0.161290322580645,3.5262857142857,7.47999999999996,4
"110",16,50.0421428571428,52.4228571428571,2.3807142857143,2.05714285714286,3,0.942857142857143,0.568720379146914,0.568720379146911,-1.30434782608699,-1.30434782608697,1.12233673469389,2.3807142857143,5
"111",16,97.3420634920635,104.258095238095,6.91603174603172,2.05714285714286,6,3.94285714285714,0.818181818181811,0.979688424373812,-1.36363636363652,-1.36363636363653,12.8627165532882,17.3904761904765,6
"112",16,104.502857142857,113.609285714286,9.10642857142875,2.05714285714286,3,0.942857142857143,0.281690140845071,0.281690140845069,-0.163710777626189,-0.163710777626189,4.29303061224498,9.10642857142875,7
"113",16,124.065952380953,130.033333333333,5.96738095238032,2.05714285714286,5,2.94285714285714,2.35294117647058,2.3529411764706,-0.571428571428571,-0.623927309439759,8.57628911564499,13.3514285714267,8
"114",16,149.423333333333,153.949047619048,4.52571428571426,2.05714285714286,3,0.942857142857143,0.329670329670367,0.329670329670364,-0.566037735848948,-0.566037735848964,2.13355102040815,4.52571428571426,9
"115",17,0,0.634285714285715,0.634285714285715,1.82857142857143,2,0.171428571428571,-0.27027027027027,NA,-0.27027027027027,-0.27027027027027,0.0543673469387756,0.317142857142857,1
"116",17,15.2798412698412,26.6074603174603,11.327619047619,1.82857142857143,4,2.17142857142857,0.247592847317743,0.247592847317743,-0.849056603773593,-0.849056603773593,12.2985578231293,16.9914285714286,2
"117",17,30.5623809523809,34.3890476190476,3.82666666666671,1.82857142857143,3,1.17142857142857,0.67415730337078,0.674157303370779,-0.560747663551396,-0.560747663551396,2.24133333333336,3.82666666666671,3
"118",17,40.9761904761905,50.2792857142857,9.30309523809522,1.82857142857143,3,1.17142857142857,0.162162162162163,0.162162162162163,-0.563380281690141,-0.563380281690142,5.44895578231291,9.30309523809522,4
"119",17,61.8938095238095,76.5538095238096,14.66,1.82857142857143,6,4.17142857142857,0.405405405405407,0.405405405405407,-1.25,-0.95445630856394,31.1818095238096,38.6776190476192,5
"120",17,81.0325,93.5728571428571,12.5403571428572,1.82857142857143,5,3.17142857142857,1.10599078341013,1.10599078341013,-0.327868852459017,-0.327868852459017,19.8854234693878,25.0807142857143,6
"121",17,101.00619047619,101.809047619047,0.802857142857121,1.82857142857143,2,0.171428571428571,0.618556701031066,0.618556701031074,-0.326086956521705,-0.326086956521712,0.0688163265306105,0.401428571428561,7
"122",17,131.310952380953,133.99380952381,2.68285714285716,1.82857142857143,2,0.171428571428571,0.283018867924476,0.283018867924469,-0.0825309491059193,-0.0825309491059191,0.229959183673472,1.34142857142858,8
"123",17,145.559285714286,148.624523809524,3.0652380952385,1.82857142857143,3,1.17142857142857,0.542986425339265,0.542986425339261,-1.29032258064518,-1.29032258064519,1.79535374149683,3.0652380952385,9
"124",17,150.076825396826,155.85,5.7731746031744,1.82857142857143,4,2.17142857142857,1.02272727272739,1.02272727272738,0,NA,10.2308752834465,14.1347619047616,10
"125",18,0,1.85142857142857,1.85142857142857,2.48571428571429,3,0.514285714285714,-0.277777777777778,NA,-0.277777777777778,-0.277777777777778,0.476081632653061,1.85142857142857,1
"126",18,3.86174603174603,20.5199047619047,16.6581587301587,2.48571428571429,6,3.51428571428571,1.85567010309278,0.435389667853141,-0.409276944065483,-0.409276944065483,32.1287804988662,49.4929365079364,2
"127",18,25.4376190476191,29.0414285714286,3.60380952380954,2.48571428571429,5,2.51428571428571,1.15384615384614,1.15384615384614,-1.76470588235294,-1.76470588235295,4.53050340136056,7.20761904761908,3
"128",18,92.9538095238096,97.0080952380953,4.0542857142857,2.48571428571429,3,0.514285714285714,0.16260162601626,0.16260162601626,-0.576923076923088,-0.576923076923092,1.0425306122449,4.0542857142857,4
"129",18,100.433492063492,102.847936507937,2.41444444444465,2.48571428571429,4,1.51428571428571,1.74757281553395,1.74757281553391,-0.97826086956511,-0.978260869565107,1.82807936507953,3.62166666666701,5
"130",18,113.94126984127,129.279047619047,15.3377777777776,2.48571428571429,5,2.51428571428571,0.24324324324323,0.258085539714877,-0.574162679425732,-0.629245620307443,20.7445555555545,38.2421428571413,6
"131",18,135.506666666667,148.789428571429,13.2827619047616,2.48571428571429,6,3.51428571428571,0.408163265306122,0.408163265306122,-3.22580645161288,-3.22580645161295,29.636138775509,42.1652380952364,7
"132",19,0.822857142857143,7.16428571428571,6.34142857142857,2.14285714285714,6,3.85714285714286,1.38888888888889,1.38888888888889,-0.9375,-1.08216432865732,11.7191836734694,16.247619047619,1
"133",19,42.897619047619,49.7119047619047,6.81428571428571,2.14285714285714,3,0.857142857142857,0.162162162162163,0.162162162162163,-0.560747663551397,-0.560747663551395,2.9204081632653,6.81428571428571,2
"134",19,52.6261904761905,54.6047619047619,1.97857142857144,2.14285714285714,3,0.857142857142857,1.30434782608698,1.30434782608698,-0.648648648648635,-0.648648648648636,0.847959183673474,1.97857142857144,3
"135",19,60.335119047619,76.8766666666667,16.5415476190476,2.14285714285714,6,3.85714285714286,0.328317373461013,0.328317373461013,-3.06122448979599,-3.06122448979594,38.7158418367349,50.1872023809526,4
"136",19,78.1214285714286,94.3238095238095,16.2023809523809,2.14285714285714,5,2.85714285714286,1.31147540983607,1.31147540983606,-0.0811907983761844,-0.203735144312394,14.0748299319728,25.3142857142858,5
"137",19,100.616666666667,105.783333333333,5.16666666666625,2.14285714285714,3,0.857142857142857,1.14285714285695,1.14285714285693,-0.552995391705018,-0.55299539170503,3.44285714285667,8.03333333333224,6
"138",19,152.374603174603,155.866666666667,3.49206349206378,2.14285714285714,5,2.85714285714286,0.818181818181744,0.818181818181751,0.818181818181744,NA,4.9886621315197,6.98412698412756,7
"139",20,0,2.32571428571429,2.32571428571429,2.37142857142857,3,0.628571428571429,-0.27027027027027,NA,-0.27027027027027,-0.27027027027027,0.730938775510205,2.32571428571429,1
"140",20,6.2852380952381,20.7279047619047,14.4426666666666,2.37142857142857,6,3.62857142857143,1.28342245989305,0.65206229676536,-0.408719346049047,-0.408719346049048,29.8009809523809,42.1159523809523,2
"141",20,25.0707619047619,28.9291428571428,3.85838095238098,2.37142857142857,6,3.62857142857143,1.38888888888889,1.38888888888889,-2.91262135922325,-2.91262135922325,7.00020544217691,9.64595238095244,3
"142",20,31.4,33.4376190476191,2.03761904761905,2.37142857142857,3,0.628571428571429,0.685714285714278,0.685714285714272,-0.560747663551412,-0.560747663551409,0.640394557823132,2.03761904761905,4
"143",20,100.416666666667,102.922857142857,2.50619047619027,2.37142857142857,4,1.62857142857143,1.71428571428542,1.7142857142854,-1.04651162790722,-1.04651162790723,2.04075510204065,3.75928571428543,5
"144",20,109.337460317461,122.487619047619,13.1501587301582,2.37142857142857,5,2.62857142857143,0.244233378561744,0.244233378561744,-1.10091743119276,-1.10091743119277,17.2830657596365,26.3003174603164,6
"145",20,124.264761904762,127.254761904762,2.99000000000002,2.37142857142857,5,2.62857142857143,2.5806451612903,2.58064516129024,-1.33333333333334,-1.33333333333334,3.92971428571431,5.98000000000005,7
"146",20,129.500476190476,139.905238095238,10.4047619047624,2.37142857142857,5,2.62857142857143,1.12676056338028,1.12676056338027,-0.325644504748965,-0.325644504748965,13.6748299319734,20.8095238095247,8
"147",20,145.33380952381,154.621428571429,9.28761904761885,2.37142857142857,5,2.62857142857143,1.12676056338028,1.12676056338028,-1.11627906976755,-1.11627906976753,15.9522993197276,25.4752380952377,9
"148",21,0,3.13619047619048,3.13619047619048,2.45714285714286,5,2.54285714285714,-0.810810810810811,NA,-0.810810810810811,-0.810810810810811,3.98744217687075,6.27238095238095,1
"149",21,7.52214285714286,9.31809523809525,1.79595238095239,2.45714285714286,3,0.542857142857143,0.655737704918033,0.655737704918032,-0.560747663551397,-0.560747663551397,0.487472789115649,1.79595238095239,2
"150",21,15.4526666666667,26.53,11.0773333333333,2.45714285714286,6,3.54285714285714,0.412087912087913,0.412087912087913,-1.42857142857143,-1.42857142857143,19.6227047619047,27.6933333333333,3
"151",21,33.6538095238095,46.2833333333333,12.6295238095238,2.45714285714286,5,2.54285714285714,1.13207547169813,1.13207547169812,-0.244897959183673,-0.244897959183673,16.057537414966,25.2590476190476,4
"152",21,58.9061904761904,66.5695238095238,7.66333333333336,2.45714285714286,3,0.542857142857143,0.555555555555556,0.555555555555555,-0.0811907983761838,-0.0811907983761837,2.08004761904762,7.66333333333336,5
"153",21,81.9490476190476,93.2847619047619,11.3357142857143,2.45714285714286,4,1.54285714285714,0.841121495327117,0.841121495327116,-0.162381596752368,-0.162381596752368,8.74469387755101,17.0035714285714,6
"154",21,96.6485714285714,103.434761904762,6.78619047619021,2.45714285714286,6,3.54285714285714,0.833333333333331,0.769947221359829,-1.6216216216218,-1.62162162162181,12.4662517006798,18.5397619047613,7
"155",21,126.681904761904,146.01,19.3280952380958,2.45714285714286,4,1.54285714285714,0.338983050847459,0.296621807195822,-0.82949308755753,-0.829493087557521,24.5495306122456,50.19142857143,8
"156",21,148.487142857143,155.451428571429,6.96428571428575,2.45714285714286,6,3.54285714285714,2.0224719101128,0.945722638871367,-1.10091743119246,-1.10091743119247,13.8753061224489,21.1228571428569,9
"157",22,1.06190476190476,4.83571428571428,3.77380952380952,2.42857142857143,6,3.57142857142857,1.34529147982063,1.34529147982063,-3.19148936170214,-3.19148936170214,6.73894557823129,9.4345238095238,1
"158",22,6.14523809523809,15.3928571428571,9.24761904761904,2.42857142857143,6,3.57142857142857,1.65745856353591,1.65745856353591,-0.16282225237449,-0.503524672708964,12.2731292517006,21.4380952380952,2
"159",22,26.5952380952381,34.2166666666666,7.6214285714285,2.42857142857143,5,2.57142857142857,0.588235294117647,0.956598759964595,-0.857142857142857,-0.521235521235521,10.8370748299319,19.7214285714284,3
"160",22,49.8666666666667,52.4944444444445,2.62777777777779,2.42857142857143,4,1.57142857142857,0.857142857142857,0.857142857142863,-1.97802197802194,-1.97802197802193,2.06468253968254,3.94166666666668,4
"161",22,81.0154761904762,90.247619047619,9.23214285714285,2.42857142857143,4,1.57142857142857,0.547945205479453,0.547945205479454,-0.246913580246913,-0.246913580246914,7.25382653061224,13.8482142857143,5
"162",22,102.419047619047,121.169047619048,18.7500000000004,2.42857142857143,5,2.57142857142857,1.37931034482758,1.37931034482758,-0.560747663551351,-0.152284263959387,23.2547619047626,47.9809523809536,6
"163",22,124.430952380953,126.823015873016,2.39206349206314,2.42857142857143,4,1.57142857142857,2,1.99999999999998,-0.978260869565432,-0.978260869565433,1.8794784580496,3.58809523809472,7
"164",22,145.796031746032,148.546031746032,2.75,2.42857142857143,4,1.57142857142857,0.818181818181744,0.818181818181738,-1.89473684210566,-1.89473684210569,2.16071428571429,4.125,8
"165",22,153.333333333333,155.833333333333,2.50000000000003,2.42857142857143,6,3.57142857142857,1.42857142857143,1.42857142857141,1.42857142857143,NA,4.46428571428578,6.25000000000006,9
"166",23,0.822857142857143,10.5809523809524,9.75809523809522,2.14285714285714,6,3.85714285714286,1.38888888888889,1.38888888888889,-0.845070422535218,-0.552523874488406,17.9798979591836,26.2892857142857,1
"167",23,33.1642857142857,45.3271428571429,12.1628571428572,2.14285714285714,6,3.85714285714286,1.46341463414633,1.46341463414633,-0.404858299595142,-0.404858299595142,23.4569387755103,30.4071428571429,2
"168",23,88.5420634920635,98.3333333333334,9.79126984126989,2.14285714285714,4,1.85714285714286,0.243572395128551,0.243572395128551,-0.857142857142857,-0.85714285714285,9.09189342403634,14.6869047619049,3
"169",23,126.455555555555,130.510317460317,4.05476190476188,2.14285714285714,4,1.85714285714286,0.989010989011096,0.9890109890111,-0.8530805687203,-0.853080568720308,3.76513605442173,6.0821428571428,4
"170",23,134.642380952381,146.882380952381,12.2400000000003,2.14285714285714,6,3.85714285714286,0.409276944065473,0.409276944065471,-1.36986301369863,-1.36986301369865,23.6057142857148,30.6000000000006,5
"171",23,148.097619047619,155.007619047619,6.90999999999974,2.14285714285714,6,3.85714285714286,3.00000000000119,3.00000000000121,-1.44230769230755,-1.44230769230755,19.0157142857137,24.6499999999994,6
"172",24,0,3.09333333333333,3.09333333333333,1.85714285714286,6,4.14285714285714,-1.33928571428572,NA,-1.33928571428572,-1.33928571428572,6.40761904761904,7.73333333333333,1
"173",24,22.3738095238095,29.0090476190476,6.63523809523808,1.85714285714286,6,4.14285714285714,0.0811907983761845,0.780269058295965,-3.125,-3.12500000000001,10.4789455782313,14.8440476190476,2
"174",24,51.25,51.9833333333334,0.733333333333341,1.85714285714286,2,0.142857142857143,0.276497695852532,0.276497695852531,-0.659340659340688,-0.659340659340653,0.0523809523809531,0.366666666666671,3
"175",24,57.8642857142857,66.8738095238095,9.00952380952383,1.85714285714286,3,1.14285714285714,0.566037735849063,0.566037735849063,-0.163487738419618,-0.163487738419618,5.1482993197279,9.00952380952383,4
"176",24,105.033333333333,122.657142857143,17.62380952381,1.85714285714286,5,3.14285714285714,1.14285714285714,1.14285714285715,-0.849056603773425,-0.211301424683842,39.6647959183678,52.5107142857149,5
"177",24,126.602380952381,140.652380952381,14.0499999999994,1.85714285714286,4,2.14285714285714,0.666666666666667,0.400712377560133,-0.246238030095765,-0.246238030095765,16.2726190476183,23.8511904761893,6
"178",24,148.089285714286,151.690476190476,3.60119047619025,1.85714285714286,5,3.14285714285714,2.52631578947421,2.52631578947414,-1.33333333333333,-1.33333333333333,5.65901360544183,7.20238095238051,7
"179",25,0.104285714285714,6.60952380952381,6.50523809523809,2.08571428571429,5,2.91428571428571,0.821917808219178,0.821917808219178,-0.648648648648649,-0.984714400643605,8.77810884353741,13.1509523809524,1
"180",25,9.07590476190475,21.4711428571429,12.3952380952381,2.08571428571429,6,3.91428571428571,1.36986301369864,1.36986301369864,-0.410396716826263,-0.410396716826263,24.2592517006803,30.9880952380953,2
"181",25,60.1185714285714,78.62,18.5014285714285,2.08571428571429,6,3.91428571428571,0.243572395128553,0.253656730235142,-0.659340659340647,-1.27501163331782,33.9685102040815,46.8078571428571,3
"182",25,81.5453968253968,91.6592063492064,10.1138095238095,2.08571428571429,4,1.91428571428571,0.849056603773592,0.849056603773595,-0.243572395128551,-0.243572395128551,9.68036054421769,15.1707142857143,4
"183",25,121.35746031746,124.718095238095,3.36063492063448,2.08571428571429,4,1.91428571428571,0.841121495327261,0.841121495327265,-1.76470588235294,-1.76470588235294,3.21660770975014,5.04095238095172,5
"184",25,126.989047619047,131.644285714286,4.65523809523837,2.08571428571429,3,0.914285714285714,0.65573770491803,0.655737704918032,-0.280373831775677,-0.280373831775677,2.12810884353754,4.65523809523837,6
"185",25,152.548571428571,155.733333333333,3.18476190476159,2.08571428571429,3,0.914285714285714,0.287081339712946,0.287081339712947,0.287081339712946,NA,1.45589115646243,3.18476190476159,7
"186",26,0,2.22857142857143,2.22857142857143,2.14285714285714,4,1.85714285714286,-0.833333333333333,NA,-0.833333333333333,-0.833333333333333,2.06938775510204,3.34285714285714,1
"187",26,6.14761904761905,10.8380952380953,4.69047619047622,2.14285714285714,5,2.85714285714286,1.34831460674157,1.34831460674157,-1.1111111111111,-1.1111111111111,6.70068027210888,9.38095238095243,2
"188",26,16.5079365079365,26.268253968254,9.76031746031742,2.14285714285714,4,1.85714285714286,0.24623803009576,0.24623803009576,-0.837209302325589,-0.837209302325588,9.06315192743761,14.6404761904761,3
"189",26,28.6428571428571,30.65,2.00714285714288,2.14285714285714,3,0.857142857142857,1.13207547169809,1.13207547169809,-0.685714285714278,-0.685714285714278,0.860204081632665,2.00714285714288,4
"190",26,34.3357142857143,49.7261904761904,15.3904761904761,2.14285714285714,3,0.857142857142857,0.566037735849061,0.566037735849063,-0.555555555555555,-0.555555555555558,11.8816326530612,27.7238095238094,5
"191",26,97.0571428571428,100.830952380953,3.77380952380977,2.14285714285714,5,2.85714285714286,1.11627906976742,1.11627906976742,-2.35294117647017,-2.35294117647019,5.3911564625854,7.54761904761955,6
"192",26,102.440476190477,107.609523809524,5.16904761904762,2.14285714285714,4,1.85714285714286,1.01694915254237,1.01694915254237,-0.555555555555556,-0.555555555555558,4.79982993197278,7.75357142857141,7
"193",26,124.300793650794,131.665079365079,7.36428571428522,2.14285714285714,5,2.85714285714286,1.95652173913085,0.714427465767051,-0.849056603773667,-0.849056603773663,12.8779478458043,18.8289682539674,8
"194",26,132.419841269841,146.661904761905,14.242063492064,2.14285714285714,5,2.85714285714286,0.243572395128545,0.243572395128546,-1.13744075829373,-1.13744075829372,20.3458049886629,28.4841269841281,9
"195",26,149.688095238096,153.730952380953,4.042857142857,2.14285714285714,3,0.857142857142857,0.338983050847456,0.338983050847456,-0.566037735849112,-0.566037735849113,1.73265306122443,4.042857142857,10
"196",27,4.48206349206349,14.8002380952381,10.3181746031746,2.51428571428571,4,1.48571428571429,2.02247191011235,2.02247191011235,-0.163710777626193,-0.155027204293061,6.07171541950112,18.8938095238095,1
"197",27,40.5127380952381,52.6235714285715,12.1108333333333,2.51428571428571,5,2.48571428571429,0.324763193504735,0.324763193504735,-2.55319148936165,-2.55319148936164,19.3813214285714,31.1883333333333,2
"198",27,58.0920634920635,82.95,24.8579365079365,2.51428571428571,6,3.48571428571429,0.837209302325566,0.247074707470747,-0.571428571428571,-0.324252491694352,44.423752834467,78.7535714285713,3
"199",27,85.9585714285714,103.393428571429,17.4348571428573,2.51428571428571,6,3.48571428571429,0.24390243902439,0.255524138653262,-1.73410404624237,-1.73410404624236,32.6867034013602,49.8497619047614,4
"200",27,138.232857142857,145.032857142857,6.79999999999998,2.51428571428571,3,0.485714285714286,0.0818553888130946,0.0818553888130946,-0.560747663551505,-0.560747663551518,1.65142857142857,6.79999999999998,5
"201",27,154.11,155.866666666667,1.75666666666683,2.51428571428571,3,0.485714285714286,0.27649769585251,0.276497695852509,0.27649769585251,NA,0.426619047619091,1.75666666666683,6
"202",28,0,1.84166666666667,1.84166666666667,2,3,1,-0.542986425339367,NA,-0.542986425339367,-0.542986425339367,0.920833333333333,1.84166666666667,1
"203",28,14.3,34.95,20.65,2,6,4,0.408163265306122,0.408163265306122,-1.15384615384614,-0.368663594470045,42.7,57.15,2
"204",28,105.522222222222,116.011111111111,10.4888888888887,2,4,2,0.853080568720297,0.853080568720295,-0.245566166439304,-0.245566166439304,10.4888888888887,15.733333333333,3
"205",28,129.013333333333,145.875,16.861666666667,2,6,4,1.36986301369863,1.36986301369864,-0.542986425339265,-0.286909742976682,37.0108333333335,51.4916666666669,4
"206",28,148.244444444445,151.244444444445,3,2,4,2,1.89473684210566,1.89473684210564,-1.02857142857131,-1.02857142857132,3,4.5,5
"207",29,14.9833333333333,26.6709523809524,11.6876190476191,2.28571428571429,6,3.71428571428571,0.408163265306122,0.408163265306122,-1.43540669856457,-1.43540669856457,21.7055782312926,29.2190476190477,1
"208",29,33.2919047619047,45.0661904761905,11.7742857142857,2.28571428571429,6,3.71428571428571,1.41509433962261,1.41509433962262,-0.405953991880922,-0.405953991880922,21.8665306122449,29.4357142857143,2
"209",29,49.747619047619,52.6142857142857,2.86666666666668,2.28571428571429,4,1.71428571428571,0.849056603773568,0.849056603773567,-2.02247191011241,-2.02247191011243,2.45714285714287,4.30000000000001,3
"210",29,67.7285714285714,73.3892857142857,5.66071428571431,2.28571428571429,3,0.714285714285714,0.162162162162163,0.162162162162162,-0.568720379146913,-0.568720379146907,2.0216836734694,5.66071428571431,4
"211",29,76.7321428571428,95.2190476190476,18.4869047619048,2.28571428571429,6,3.71428571428571,1.18811881188122,1.04104104104104,-0.324324324324325,-0.324324324324325,40.9286564625851,56.9488095238097,5
"212",29,97.1047619047619,104.151190476191,7.0464285714289,2.28571428571429,6,3.71428571428571,0.284360189573456,0.874929893438023,-1.32596685082858,-1.32596685082858,9.93741496598692,15.5815476190484,6
"213",29,123.825396825397,129.625,5.79960317460268,2.28571428571429,5,2.71428571428571,1.80000000000072,1.80000000000071,-0.55299539170502,-0.632454923717044,7.6506519274369,13.3075396825386,7
"214",29,139.792857142857,145.394047619048,5.6011904761904,2.28571428571429,3,0.714285714285714,0.163934426229508,0.163934426229508,-0.574162679425891,-0.574162679425876,2.000425170068,5.6011904761904,8
"215",30,0,1.8052380952381,1.8052380952381,2.02857142857143,3,0.971428571428572,-0.538116591928251,NA,-0.538116591928251,-0.538116591928251,0.87682993197279,1.8052380952381,1
"216",30,4.21952380952381,7.2752380952381,3.05571428571429,2.02857142857143,4,1.97142857142857,2.04545454545455,2.04545454545455,-0.942408376963349,-0.942408376963348,3.0120612244898,4.58357142857143,2
"217",30,9.5952380952381,19.9561904761905,10.3609523809524,2.02857142857143,4,1.97142857142857,0.837209302325583,0.837209302325583,-0.24623803009576,-0.24623803009576,10.2129387755102,15.5414285714285,3
"218",30,30.3514285714286,41.8638095238096,11.512380952381,2.02857142857143,4,1.97142857142857,0.978260869565206,0.978260869565206,-0.160642570281124,-0.207581227436823,10.0000612244898,17.695,4
"219",30,49.4609523809524,52.7138095238095,3.25285714285715,2.02857142857143,4,1.97142857142857,0.861244019138765,0.861244019138763,-2.0454545454545,-2.0454545454545,3.20638775510205,4.87928571428571,5
"220",30,100.5,102.807142857143,2.30714285714285,2.02857142857143,3,0.971428571428572,1.14285714285714,1.14285714285713,-0.666666666666667,-0.666666666666674,1.12061224489796,2.30714285714285,6
"221",30,108.182380952381,121.839047619047,13.6566666666669,2.02857142857143,3,0.971428571428572,0.0818553888130947,0.0818553888130944,-0.542986425339416,-0.542986425339417,6.63323809523818,13.6566666666669,7
"222",30,126.322380952381,130.637619047619,4.31523809523766,2.02857142857143,4,1.97142857142857,1.02272727272739,1.02272727272739,-0.825688073394568,-0.825688073394567,4.25359183673426,6.4728571428565,8
"223",30,144.87,154.92,10.0499999999998,2.02857142857143,6,3.97142857142857,1.42857142857143,1.42857142857144,-1.10599078341004,-0.546276282177255,21.6976190476186,29.2233333333326,9
